{
    "AMD": {
        "train_metrics": {
            "MSE": 0.029321065258515994,
            "RMSE": 0.17123394890767424,
            "MAE": 0.12432504669776481,
            "R2": 0.970211520348436
        },
        "test_metrics": {
            "MSE": 0.11043047204787011,
            "RMSE": 0.33231080639646693,
            "MAE": 0.2522610514117803,
            "R2": 0.8334719324037814
        },
        "data_points": 1608,
        "plot_metrics": {
            "train_rmse": 0.17123394890767424,
            "train_mae": 0.12432504669776481,
            "test_rmse": 0.33231080639646693,
            "test_mae": 0.2522610514117803
        }
    },
    "BAC": {
        "train_metrics": {
            "MSE": 0.036200918100089095,
            "RMSE": 0.19026538860257558,
            "MAE": 0.1382349287774423,
            "R2": 0.9636192187037897
        },
        "test_metrics": {
            "MSE": 0.12507759814377886,
            "RMSE": 0.35366311391461064,
            "MAE": 0.27810270395764664,
            "R2": 0.6493361117231045
        },
        "data_points": 1607,
        "plot_metrics": {
            "train_rmse": 0.19026538860257558,
            "train_mae": 0.1382349287774423,
            "test_rmse": 0.35366311391461064,
            "test_mae": 0.27810270395764664
        }
    },
    "INTC": {
        "train_metrics": {
            "MSE": 0.03715901893678665,
            "RMSE": 0.19276674748718112,
            "MAE": 0.1492242460941247,
            "R2": 0.9631117276041083
        },
        "test_metrics": {
            "MSE": 0.2850201868521256,
            "RMSE": 0.533872818986063,
            "MAE": 0.4616370349443142,
            "R2": 0.5531825640236158
        },
        "data_points": 1608,
        "plot_metrics": {
            "train_rmse": 0.19276674748718112,
            "train_mae": 0.1492242460941247,
            "test_rmse": 0.533872818986063,
            "test_mae": 0.4616370349443142
        }
    },
    "JNJ": {
        "train_metrics": {
            "MSE": 0.026737770880933508,
            "RMSE": 0.16351688255630825,
            "MAE": 0.11775766640733616,
            "R2": 0.9727024613671323
        },
        "test_metrics": {
            "MSE": 0.041905123738981656,
            "RMSE": 0.20470741007345497,
            "MAE": 0.15816717182330914,
            "R2": 0.7533099399055968
        },
        "data_points": 1607,
        "plot_metrics": {
            "train_rmse": 0.16351688255630825,
            "train_mae": 0.11775766640733616,
            "test_rmse": 0.20470741007345497,
            "test_mae": 0.15816717182330914
        }
    },
    "JPM": {
        "train_metrics": {
            "MSE": 0.027086889486168622,
            "RMSE": 0.16458095116436963,
            "MAE": 0.11147706772972302,
            "R2": 0.9726682063468273
        },
        "test_metrics": {
            "MSE": 6.018715977020756,
            "RMSE": 2.4533071509741204,
            "MAE": 2.2014188649359525,
            "R2": -3.683930562047985
        },
        "data_points": 1607,
        "plot_metrics": {
            "train_rmse": 0.16458095116436963,
            "train_mae": 0.11147706772972302,
            "test_rmse": 2.4533071509741204,
            "test_mae": 2.2014188649359525
        }
    },
    "PFE": {
        "train_metrics": {
            "MSE": 0.029365451553420158,
            "RMSE": 0.17136350706442768,
            "MAE": 0.1218213689277675,
            "R2": 0.9708208011843518
        },
        "test_metrics": {
            "MSE": 0.09262345593988286,
            "RMSE": 0.304341019154308,
            "MAE": 0.23574931373779515,
            "R2": -0.35447608247534035
        },
        "data_points": 1607,
        "plot_metrics": {
            "train_rmse": 0.17136350706442768,
            "train_mae": 0.1218213689277675,
            "test_rmse": 0.304341019154308,
            "test_mae": 0.23574931373779515
        }
    }
}