{
    "AMD": {
        "train_metrics": {
            "MSE": 0.029314950383606302,
            "RMSE": 0.1712160926537173,
            "MAE": 0.12427145135786095,
            "R2": 0.970074768302407
        },
        "test_metrics": {
            "MSE": 0.11082435172686413,
            "RMSE": 0.33290291636881786,
            "MAE": 0.2529897669729298,
            "R2": 0.832798477766068
        },
        "data_points": 1608,
        "plot_metrics": {
            "train_rmse": 0.1712160926537173,
            "train_mae": 0.12427145135786095,
            "test_rmse": 0.33290291636881786,
            "test_mae": 0.2529897669729298
        }
    },
    "BAC": {
        "train_metrics": {
            "MSE": 0.03617658821830578,
            "RMSE": 0.19020144115727877,
            "MAE": 0.13824044136595023,
            "R2": 0.9636684399651443
        },
        "test_metrics": {
            "MSE": 0.12497347678467038,
            "RMSE": 0.35351587911248117,
            "MAE": 0.2777210037529778,
            "R2": 0.6501135112344543
        },
        "data_points": 1607,
        "plot_metrics": {
            "train_rmse": 0.19020144115727877,
            "train_mae": 0.13824044136595023,
            "test_rmse": 0.35351587911248117,
            "test_mae": 0.2777210037529778
        }
    },
    "INTC": {
        "train_metrics": {
            "MSE": 0.037188182295981725,
            "RMSE": 0.19284237681583818,
            "MAE": 0.1493372152552347,
            "R2": 0.9631117030838402
        },
        "test_metrics": {
            "MSE": 0.2836964671401169,
            "RMSE": 0.532631643014304,
            "MAE": 0.4604375277164486,
            "R2": 0.5556151535768812
        },
        "data_points": 1608,
        "plot_metrics": {
            "train_rmse": 0.19284237681583818,
            "train_mae": 0.1493372152552347,
            "test_rmse": 0.532631643014304,
            "test_mae": 0.4604375277164486
        }
    },
    "JNJ": {
        "train_metrics": {
            "MSE": 0.026741559270297196,
            "RMSE": 0.16352846623844178,
            "MAE": 0.11774263320222453,
            "R2": 0.972713281246183
        },
        "test_metrics": {
            "MSE": 0.04200293287871721,
            "RMSE": 0.20494617068566373,
            "MAE": 0.15846527878963668,
            "R2": 0.7535266503998423
        },
        "data_points": 1607,
        "plot_metrics": {
            "train_rmse": 0.16352846623844178,
            "train_mae": 0.11774263320222453,
            "test_rmse": 0.20494617068566373,
            "test_mae": 0.15846527878963668
        }
    },
    "JPM": {
        "train_metrics": {
            "MSE": 0.027104960326146132,
            "RMSE": 0.16463584155992927,
            "MAE": 0.11151452655510663,
            "R2": 0.9725685026600961
        },
        "test_metrics": {
            "MSE": 6.015025540115898,
            "RMSE": 2.4525549005304446,
            "MAE": 2.201270115142962,
            "R2": -3.700555163840657
        },
        "data_points": 1607,
        "plot_metrics": {
            "train_rmse": 0.16463584155992927,
            "train_mae": 0.11151452655510663,
            "test_rmse": 2.4525549005304446,
            "test_mae": 2.201270115142962
        }
    },
    "PFE": {
        "train_metrics": {
            "MSE": 0.02951602289613149,
            "RMSE": 0.17180227849516866,
            "MAE": 0.12194638240656627,
            "R2": 0.9706599703981968
        },
        "test_metrics": {
            "MSE": 0.09054645587350524,
            "RMSE": 0.3009093814979939,
            "MAE": 0.23345053977159325,
            "R2": -0.33075083697178664
        },
        "data_points": 1607,
        "plot_metrics": {
            "train_rmse": 0.17180227849516866,
            "train_mae": 0.12194638240656627,
            "test_rmse": 0.3009093814979939,
            "test_mae": 0.23345053977159325
        }
    }
}